{
  "cameraMatrix": [
    3283.0374073138973,
    0.0,
    1310.4070425380742,
    0.0,
    3317.0803206590044,
    1868.8488808801064,
    0.0,
    0.0,
    1.0
  ],
  "distortionCoefficients": [
    -0.042900510336311266,
    -0.0071148349914966985,
    -0.009795272201325433,
    0.005177156072348954,
    0.08015855989937512
  ],
  "imageWidth": 0,
  "imageHeight": 0
}